10059,Alejandro McAlpine,63,71218,15,Creative,128217
10059,Alejandro McAlpine,63,71218,15,Creative,128217
10059,Alejandro McAlpine,63,71218,15,Creative,128217
10059,Alejandro McAlpine,63,71218,15,Creative,128217
10059,Alejandro McAlpine,63,71218,15,Creative,128217
10059,Alejandro McAlpine,63,71218,15,Creative,128217
10059,Alejandro McAlpine,63,71218,15,Creative,128217
10059,Alejandro McAlpine,63,71218,15,Creative,128217
10059,Alejandro McAlpine,63,71218,15,Creative,128217
10059,Alejandro McAlpine,63,71218,15,Creative,128217
10059,Alejandro McAlpine,63,71218,15,Creative,128217
10059,Alejandro McAlpine,63,71218,15,Creative,128217
10059,Alejandro McAlpine,63,71218,15,Creative,128217
10059,Alejandro McAlpine,63,71218,15,Creative,128217
10059,Alejandro McAlpine,63,71218,15,Creative,128217
10059,Alejandro McAlpine,63,71218,15,Creative,128217
10059,Alejandro McAlpine,63,71218,15,Creative,128217
10059,Alejandro McAlpine,63,71218,15,Creative,128217
